{
    "__comment": "Model generated using MrCrayfish's Model Creator (https://mrcrayfish.com/tools?id=mc)",
    "textures": {
        "d": "minecraft:block/light_gray_concrete",
        "g": "minecraft:block/yellow_concrete",
        "h": "minecraft:block/black_concrete"
    },
    "display": {
        "gui": {
            "rotation": [ 0, 90, 0 ],
            "translation": [ 0, -4, 0 ],
            "scale": [ 0.625, 0.625, 0.625 ]
        },
        "ground": {
            "rotation": [ 22, 0, 0 ],
            "translation": [ 0, 3, 0 ],
            "scale": [ 0.25, 0.25, 0.25 ]
        },
        "fixed": {
            "rotation": [ 0, 90, 0 ],
            "translation": [ 0, -6, 0 ],
            "scale": [ 1, 1, 1 ]
        },
        "head": {
            "rotation": [ 176, 173, 0 ],
            "translation": [ 0, 12, 0 ],
            "scale": [ 1, 1, 1 ]
        },
        "firstperson_righthand": {
            "rotation": [ 0, 194 , 0 ],
            "translation": [ 0, 2.9, 0 ],
            "scale": [ 0.4, 0.4, 0.4 ]
        },
        "thirdperson_righthand": {
            "rotation": [ 0, 327, 0 ],
            "translation": [ 0, 2.5, 1 ],
            "scale": [ 0.375, 0.375, 0.375 ]
        }
    },
    "elements": [
        {
            "name": "handle",
            "from": [ 7.4, 1.6, 7.4 ], 
            "to": [ 8.6, 6.6, 8.6 ], 
            "faces": {
                "north": { "texture": "#h", "uv": [ 0, 0, 1.2, 5 ] },
                "south": { "texture": "#h", "uv": [ 0, 0, 1.2, 5 ] },
                "east": { "texture": "#h", "uv": [ 0, 0, 1.2, 5 ] },
                "west": { "texture": "#h", "uv": [ 0, 0, 1.2, 5 ] }
            }
        },
        {
            "name": "handle_end",
            "from": [ 7.2, 0, 7.2 ], 
            "to": [ 8.8, 1.6, 8.8 ], 
            "faces": {
                "north": { "texture": "#g", "uv": [ 0, 0, 1.6, 1.6 ] },
                "east": { "texture": "#g", "uv": [ 0, 0, 1.6, 1.6 ] },
                "south": { "texture": "#g", "uv": [ 0, 0, 1.6, 1.6 ] },
                "west": { "texture": "#g", "uv": [ 0, 0, 1.6, 1.6 ] },
                "up": { "texture": "#g", "uv": [ 0, 0, 1.6, 1.6 ] },
                "down": { "texture": "#g", "uv": [ 0, 0, 1.6, 1.6 ] }
            }
        },
        {
            "name": "handle_guard",
            "from": [ 7.3, 22, 6 ], 
            "to": [ 8.7, 22.5, 11 ], 
            "faces": {
                "north": { "texture": "#d", "uv": [ 0, 0, 1.4, 1 ] },
                "east": { "texture": "#d", "uv": [ 0, 0, 5, 0.5 ] },
                "south": { "texture": "#d", "uv": [ 0, 0, 1.4, 1 ] },
                "west": { "texture": "#d", "uv": [ 0, 0, 5, 0.5 ] },
                "up": { "texture": "#d", "uv": [ 0, 0, 1.4, 6 ] },
                "down": { "texture": "#d", "uv": [ 0, 0, 1.4, 6 ] }
            }
        },
        {
            "name": "handle",
            "from": [ 7.4, 7.6, 6 ], 
            "to": [ 8.6, 26.6, 10.2 ], 
            "faces": {
                "north": { "texture": "#d", "uv": [ 0, 0, 1.2, 5 ] },
                "east": { "texture": "#d", "uv": [ 0, 0, 1.2, 5 ] },
                "south": { "texture": "#d", "uv": [ 0, 0, 1.2, 5 ] },
                "west": { "texture": "#d", "uv": [ 0, 0, 1.2, 5 ] },
                "up": { "texture": "#d", "uv": [ 0, 0, 1.2, 1.2 ] }
            }
        },
        {
            "name": "handle_guard",
            "from": [ 7.3, 6.6, 5 ], 
            "to": [ 8.7, 7.6, 11 ], 
            "faces": {
                "north": { "texture": "#g", "uv": [ 0, 0, 1.4, 1 ] },
                "east": { "texture": "#g", "uv": [ 0, 0, 6, 1 ] },
                "south": { "texture": "#g", "uv": [ 0, 0, 1.4, 1 ] },
                "west": { "texture": "#g", "uv": [ 0, 0, 6, 1 ] },
                "up": { "texture": "#g", "uv": [ 0, 0, 1.4, 6 ] },
                "down": { "texture": "#g", "uv": [ 0, 0, 1.4, 6 ] }
            }
        },
        {
            "name": "handle_guard",
            "from": [ 7.3, 24, 6 ], 
            "to": [ 8.7, 24.5, 11 ], 
            "faces": {
                "north": { "texture": "#d", "uv": [ 0, 0, 1.4, 1 ] },
                "east": { "texture": "#d", "uv": [ 0, 0, 5, 0.5 ] },
                "south": { "texture": "#d", "uv": [ 0, 0, 1.4, 1 ] },
                "west": { "texture": "#d", "uv": [ 0, 0, 5, 0.5 ] },
                "up": { "texture": "#d", "uv": [ 0, 0, 1.4, 6 ] },
                "down": { "texture": "#d", "uv": [ 0, 0, 1.4, 6 ] }
            }
        },
        {
            "name": "handle_guard",
            "from": [ 7.3, 23, 6 ], 
            "to": [ 8.7, 23.5, 11 ], 
            "faces": {
                "north": { "texture": "#d", "uv": [ 0, 0, 1.4, 1 ] },
                "east": { "texture": "#d", "uv": [ 0, 0, 5, 0.5 ] },
                "south": { "texture": "#d", "uv": [ 0, 0, 1.4, 1 ] },
                "west": { "texture": "#d", "uv": [ 0, 0, 5, 0.5 ] },
                "up": { "texture": "#d", "uv": [ 0, 0, 1.4, 6 ] },
                "down": { "texture": "#d", "uv": [ 0, 0, 1.4, 6 ] }
            }
        },
        {
            "name": "Cube",
            "from": [ 7.5, 19.9, 20 ], 
            "to": [ 8.7, 22.9, 23 ], 
            "rotation": { "origin": [ 8, 8, 8 ], "axis": "x", "angle": -45.0 },
            "faces": {
                "north": { "texture": "#d", "uv": [ 0, 0, 1.2, 3 ] },
                "east": { "texture": "#d", "uv": [ 0, 0, 3, 3 ] },
                "south": { "texture": "#d", "uv": [ 0, 0, 1.2, 3 ] },
                "west": { "texture": "#d", "uv": [ 0, 0, 3, 3 ] },
                "up": { "texture": "#d", "uv": [ 0, 0, 1.2, 3 ] },
                "down": { "texture": "#d", "uv": [ 0, 0, 1.2, 3 ] }
            }
        }
    ]
}
